<application>
  <component name="AppStorage">
    <option name="newTranslationDialogWidth" value="578" />
    <option name="newTranslationDialogX" value="673" />
    <option name="newTranslationDialogY" value="246" />
    <histories>
      <item value="Reduce the indexing time and CPU load with pre-built JDK shared indexes" />
      <item value="Reduce the indexing time and CPU load with pre-built JDK and Maven library shared indexes" />
      <item value="Do you know that you can automatically reset the bundled themes' color schemes? That way you can benefit from the latest updates automatically! But be careful that your own changes would be overridden (unless you made a copy of the bundled color scheme)." />
      <item value="Web framework is detected." />
      <item value="Use the Parameter Info popup ( Ctrl+P ) to ensure that you pass correct values for the parameters in your statement, procedure, or function." />
      <item value="If a method signature has been changed, IntelliJ IDEA highlights the documentation comment tags that ran out of sync and suggests a quick-fix:" />
      <item value="To quickly complete a method call of a static method located anywhere in your project, a library or a JDK, enter a prefix and press Ctrl+空格 twice. You can press Alt+Enter to import the selected method" />
      <item value="动态sql" />
      <item value="void" />
      <item value="查询" />
      <item value="type Alias" />
      <item value="development" />
      <item value="Counr" />
      <item value="Counry" />
      <item value="Coun" />
      <item value="mybais-config.xml" />
      <item value="mybais-config." />
      <item value="mybais-config" />
      <item value="mybais-conf" />
      <item value="mybais-con" />
      <item value="mybais-" />
      <item value="mybais" />
      <item value="throws" />
      <item value="java" />
      <item value="Resources" />
      <item value="query All" />
      <item value="open Session" />
      <item value="select Byid" />
      <item value="tran" />
      <item value="tran&#10;" />
      <item value="tran " />
      <item value="tra" />
      <item value="tar" />
      <item value="roo" />
      <item value="tes" />
      <item value="teses" />
      <item value="get Body" />
      <item value="null" />
      <item value="query" />
      <item value="单词" />
      <item value="html" />
    </histories>
  </component>
  <component name="Cache">
    <option name="lastTrimTime" value="1664945407146" />
  </component>
  <component name="Settings">
    <option name="baiduTranslateSettings">
      <app-key>
        <option name="appId" value="20220328001145490" />
      </app-key>
    </option>
    <option name="translateDocumentation" value="true" />
    <option name="translator" value="YOUDAO" />
    <option name="youdaoTranslateSettings">
      <youdao-translate>
        <option name="appId" value="33432a8197ef064b" />
      </youdao-translate>
    </option>
  </component>
</application>